Timestamp,Email Address,"Full name: 
(This will be displayed on the calendar)",How many days would you like to work in a week for the month of January?,Choose a location you would like to schedule for:,"What times are you available to volunteer at Williamsville? [January 1st, Sunday]","What times are you available to volunteer at Williamsville? [January 2nd, Monday]","What times are you available to volunteer at Williamsville? [January 3rd, Tuesday]","What times are you available to volunteer at Williamsville? [January 4th, Wednesday]","What times are you available to volunteer at Williamsville? [January 5th, Thursday]","What times are you available to volunteer at Williamsville? [January 6th, Friday]","What times are you available to volunteer at Williamsville? [January 7th, Saturday]","What times are you available to volunteer at Williamsville? [January 8th, Sunday]","What times are you available to volunteer at Williamsville? [January 9th, Monday]","What times are you available to volunteer at Williamsville? [January 10th, Tuesday]","What times are you available to volunteer at Williamsville? [January 11th, Wednesday]","What times are you available to volunteer at Williamsville? [January 12th, Thursday]","What times are you available to volunteer at Williamsville? [January 13th, Friday]","What times are you available to volunteer at Williamsville? [January 14th, Saturday]","What times are you available to volunteer at Williamsville? [January 15th, Sunday]","What times are you available to volunteer at Williamsville? [January 16th, Monday]","What times are you available to volunteer at Williamsville? [January 17th, Tuesday]","What times are you available to volunteer at Williamsville? [January 18th, Wednesday]","What times are you available to volunteer at Williamsville? [January 19th, Thursday]","What times are you available to volunteer at Williamsville? [January 20th, Friday]","What times are you available to volunteer at Williamsville? [January 21st, Saturday]","What times are you available to volunteer at Williamsville? [January 22nd, Sunday]","What times are you available to volunteer at Williamsville? [January 23rd, Monday]","What times are you available to volunteer at Williamsville? [January 24th, Tuesday]","What times are you available to volunteer at Williamsville? [January 25th, Wednesday]","What times are you available to volunteer at Williamsville? [January 26th, Thursday]","What times are you available to volunteer at Williamsville? [January 27th, Friday]","What times are you available to volunteer at Williamsville? [January 28th, Saturday]","What times are you available to volunteer at Williamsville? [January 29th, Sunday]","What times are you available to volunteer at Williamsville? [January 30th, Monday]","What times are you available to volunteer at Williamsville? [January 31st, Tuesday]","What times are you available to volunteer at Orchard Park? [January 1st, Sunday]","What times are you available to volunteer at Orchard Park? [January 2nd, Monday]","What times are you available to volunteer at Orchard Park? [January 3rd, Tuesday]","What times are you available to volunteer at Orchard Park? [January 4th, Wednesday]","What times are you available to volunteer at Orchard Park? [January 5th, Thursday]","What times are you available to volunteer at Orchard Park? [January 6th, Friday]","What times are you available to volunteer at Orchard Park? [January 7th, Saturday]","What times are you available to volunteer at Orchard Park? [January 8th, Sunday]","What times are you available to volunteer at Orchard Park? [January 9th, Monday]","What times are you available to volunteer at Orchard Park? [January 10th, Tuesday]","What times are you available to volunteer at Orchard Park? [January 11th, Wednesday]","What times are you available to volunteer at Orchard Park? [January 12th, Thursday]","What times are you available to volunteer at Orchard Park? [January 13th, Friday]","What times are you available to volunteer at Orchard Park? [January 14th, Saturday]","What times are you available to volunteer at Orchard Park? [January 15th, Sunday]","What times are you available to volunteer at Orchard Park? [January 16th, Monday]","What times are you available to volunteer at Orchard Park? [January 17th, Tuesday]","What times are you available to volunteer at Orchard Park? [January 18th, Wednesday]","What times are you available to volunteer at Orchard Park? [January 19th, Thursday]","What times are you available to volunteer at Orchard Park? [January 20th, Friday]","What times are you available to volunteer at Orchard Park? [January 21st, Saturday]","What times are you available to volunteer at Orchard Park? [January 22nd, Sunday]","What times are you available to volunteer at Orchard Park? [January 23rd, Monday]","What times are you available to volunteer at Orchard Park? [January 24th, Tuesday]","What times are you available to volunteer at Orchard Park? [January 25th, Wednesday]","What times are you available to volunteer at Orchard Park? [January 26th, Thursday]","What times are you available to volunteer at Orchard Park? [January 27th, Friday]","What times are you available to volunteer at Orchard Park? [January 28th, Saturday]","What times are you available to volunteer at Orchard Park? [January 29th, Sunday]","What times are you available to volunteer at Orchard Park? [January 30th, Monday]","What times are you available to volunteer at Orchard Park? [January 31st, Tuesday]","What times are you available to volunteer at Rochester? [January 1st, Sunday]","What times are you available to volunteer at Rochester? [January 2nd, Monday]","What times are you available to volunteer at Rochester? [January 3rd, Tuesday]","What times are you available to volunteer at Rochester? [January 4th, Wednesday]","What times are you available to volunteer at Rochester? [January 5th, Thursday]","What times are you available to volunteer at Rochester? [January 6th, Friday]","What times are you available to volunteer at Rochester? [January 7th, Saturday]","What times are you available to volunteer at Rochester? [January 8th, Sunday]","What times are you available to volunteer at Rochester? [January 9th, Monday]","What times are you available to volunteer at Rochester? [January 10th, Tuesday]","What times are you available to volunteer at Rochester? [January 11th, Wednesday]","What times are you available to volunteer at Rochester? [January 12th, Thursday]","What times are you available to volunteer at Rochester? [January 13th, Friday]","What times are you available to volunteer at Rochester? [January 14th, Saturday]","What times are you available to volunteer at Rochester? [January 15th, Sunday]","What times are you available to volunteer at Rochester? [January 16th, Monday]","What times are you available to volunteer at Rochester? [January 17th, Tuesday]","What times are you available to volunteer at Rochester? [January 18th, Wednesday]","What times are you available to volunteer at Rochester? [January 19th, Thursday]","What times are you available to volunteer at Rochester? [January 20th, Friday]","What times are you available to volunteer at Rochester? [January 21st, Saturday]","What times are you available to volunteer at Rochester? [January 22nd, Sunday]","What times are you available to volunteer at Rochester? [January 23rd, Monday]","What times are you available to volunteer at Rochester? [January 24th, Tuesday]","What times are you available to volunteer at Rochester? [January 25th, Wednesday]","What times are you available to volunteer at Rochester? [January 26th, Thursday]","What times are you available to volunteer at Rochester? [January 27th, Friday]","What times are you available to volunteer at Rochester? [January 28th, Saturday]","What times are you available to volunteer at Rochester? [January 29th, Sunday]","What times are you available to volunteer at Rochester? [January 30th, Monday]","What times are you available to volunteer at Rochester? [January 31st, Tuesday]","What times are you available to volunteer at either Williamsville or Orchard Park? [January 1st, Sunday]","What times are you available to volunteer at either Williamsville or Orchard Park? [January 2nd, Monday]","What times are you available to volunteer at either Williamsville or Orchard Park? [January 3rd, Tuesday]","What times are you available to volunteer at either Williamsville or Orchard Park? [January 4th, Wednesday]","What times are you available to volunteer at either Williamsville or Orchard Park? [January 5th, Thursday]","What times are you available to volunteer at either Williamsville or Orchard Park? [January 6th, Friday]","What times are you available to volunteer at either Williamsville or Orchard Park? [January 7th, Saturday]","What times are you available to volunteer at either Williamsville or Orchard Park? [January 8th, Sunday]","What times are you available to volunteer at either Williamsville or Orchard Park? [January 9th, Monday]","What times are you available to volunteer at either Williamsville or Orchard Park? [January 10th, Tuesday]","What times are you available to volunteer at either Williamsville or Orchard Park? [January 11th, Wednesday]","What times are you available to volunteer at either Williamsville or Orchard Park? [January 12th, Thursday]","What times are you available to volunteer at either Williamsville or Orchard Park? [January 13th, Friday]","What times are you available to volunteer at either Williamsville or Orchard Park? [January 14th, Saturday]","What times are you available to volunteer at either Williamsville or Orchard Park? [January 15th, Sunday]","What times are you available to volunteer at either Williamsville or Orchard Park? [January 16th, Monday]","What times are you available to volunteer at either Williamsville or Orchard Park? [January 17th, Tuesday]","What times are you available to volunteer at either Williamsville or Orchard Park? [January 18th, Wednesday]","What times are you available to volunteer at either Williamsville or Orchard Park? [January 19th, Thursday]","What times are you available to volunteer at either Williamsville or Orchard Park? [January 20th, Friday]","What times are you available to volunteer at either Williamsville or Orchard Park? [January 21st, Saturday]","What times are you available to volunteer at either Williamsville or Orchard Park? [January 22nd, Sunday]","What times are you available to volunteer at either Williamsville or Orchard Park? [January 23rd, Monday]","What times are you available to volunteer at either Williamsville or Orchard Park? [January 24th, Tuesday]","What times are you available to volunteer at either Williamsville or Orchard Park? [January 25th, Wednesday]","What times are you available to volunteer at either Williamsville or Orchard Park? [January 26th, Thursday]","What times are you available to volunteer at either Williamsville or Orchard Park? [January 27th, Friday]","What times are you available to volunteer at either Williamsville or Orchard Park? [January 28th, Saturday]","What times are you available to volunteer at either Williamsville or Orchard Park? [January 29th, Sunday]","What times are you available to volunteer at either Williamsville or Orchard Park? [January 30th, Monday]","What times are you available to volunteer at either Williamsville or Orchard Park? [January 31st, Tuesday]"
11/5/2022 14:39,bjkonnayil@gmail.com,Becka Konnayil,2,Both Williamsville and Orchard Park,,,,,,,,,,,,,,,,,,,,,,,,,,,,,,,,,,,,,,,,,,,,,,,,,,,,,,,,,,,,,,,,,,,,,,,,,,,,,,,,,,,,,,,,,,,,,,10a-2p,"2p-6p, 6p-10p",,10a-2p,"2p-6p, 6p-10p","2p-6p, 6p-10p",,10a-2p,2p-6p,,"10a-2p, 2p-6p",6p-10p,10a-2p,,2p-6p,,6p-10p,6p-10p,10a-2p,10a-2p,10a-2p,,2p-6p,6p-10p,,6p-10p,"2p-6p, 6p-10p",10a-2p,10a-2p,10a-2p,10a-2p
11/5/2022 14:47,beckakon@buffalo.edu,Becka Konnayil,3,Rochester,,,,,,,,,,,,,,,,,,,,,,,,,,,,,,,,,,,,,,,,,,,,,,,,,,,,,,,,,,,,,,,,,,,,,,,,,,,,,,,,,,"10a-2p, 6p-10p",2p-6p,2p-6p,"10a-2p, 2p-6p, 6p-10p","2p-6p, 6p-10p",2p-6p,2p-6p,"10a-2p, 2p-6p",6p-10p,"2p-6p, 6p-10p","10a-2p, 6p-10p",2p-6p,,,,,,,,,,,,,,,,,,,,,,,,,,,,,,,
11/5/2022 15:57,beckakon@buffalo.edu,Tom V,2,Williamsville,10a-2p,10a-2p,"2p-6p, 6p-10p",10a-2p,,,10a-2p,10a-2p,,,6p-10p,"10a-2p, 6p-10p",6p-10p,,,,,,,,,,,,,,,,,,,,,,,,,,,,,,,,,,,,,,,,,,,,,,,,,,,,,,,,,,,,,,,,,,,,,,,,,,,,,,,,,,,,,,,,,,,,,,,,,,,,,,,,,,,,,,,
11/5/2022 16:11,bjkonnayil@gmail.com,Mishal Varkash,3,Orchard Park,,,,,,,,,,,,,,,,,,,,,,,,,,,,,,,,2p-6p,6p-10p,2p-6p,2p-6p,6p-10p,10a-2p,,,"10a-2p, 2p-6p, 6p-10p",,"2p-6p, 6p-10p","10a-2p, 2p-6p",,"2p-6p, 6p-10p",,"10a-2p, 2p-6p, 6p-10p",,"10a-2p, 2p-6p",,"10a-2p, 2p-6p, 6p-10p",2p-6p,,,,,,,,,,,,,,,,,,,,,,,,,,,,,,,,,,,,,,,,,,,,,,,,,,,,,,,,,,,,,,,,,,,,,,,,
11/5/2022 16:12,shayanaf@buffalo.edu,Kate Moss,7,Orchard Park,,,,,,,,,,,,,,,,,,,,,,,,,,,,,,,,,,2p-6p,,,,,,,,10a-2p,,,,,,,,,,,,,,,,,,,,,,,,,,,,,,,,,,,,,,,,,,,,,,,,,,,,,,,,,,,,,,,,,,,,,,,,,,,,,,,,,,
11/5/2022 16:12,billnye@gmail.com,Bill Nye,3,Both Williamsville and Orchard Park,,,,,,,,,,,,,,,,,,,,,,,,,,,,,,,,,,,,,,,,,,,,,,,,,,,,,,,,,,,,,,,,,,,,,,,,,,,,,,,,,,,,,,,,,,,,,,,,10a-2p,,,2p-6p,,2p-6p,,,,,,,,6p-10p,,,,"2p-6p, 6p-10p",,,,,,,,,10a-2p,,
11/5/2022 16:13,mark@hotmail.com,Mark Twain,3,Rochester,,,,,,,,,,,,,,,,,,,,,,,,,,,,,,,,,,,,,,,,,,,,,,,,,,,,,,,,,,,,,,,10a-2p,,,,,,,2p-6p,,,2p-6p,,,,,,,,,,,,,,,,,,,,,,,,,,,,,,,,,,,,,,,,,,,,,,,,,,,
11/5/2022 16:13,beckakon@buffalo.edu,Jacob Christof,6,Both Williamsville and Orchard Park,,,,,,,,,,,,,,,,,,,,,,,,,,,,,,,,,,,,,,,,,,,,,,,,,,,,,,,,,,,,,,,,,,,,,,,,,,,,,,,,,,,,,,,,,,,,,,10a-2p,10a-2p,10a-2p,10a-2p,10a-2p,10a-2p,10a-2p,10a-2p,10a-2p,,10a-2p,10a-2p,,10a-2p,10a-2p,10a-2p,,10a-2p,10a-2p,10a-2p,10a-2p,10a-2p,,,10a-2p,10a-2p,10a-2p,10a-2p,,10a-2p,10a-2p
11/5/2022 16:13,marktwain@gmail.com,Mark Twain,2,Williamsville,10a-2p,10a-2p,,,,,,,,,,,,,,,,,,,,,,,,,,,,,,,,,,,,,,,,,,,,,,,,,,,,,,,,,,,,,,,,,,,,,,,,,,,,,,,,,,,,,,,,,,,,,,,,,,,,,,,,,,,,,,,,,,,,,,,,,,
